event_id,network,station,location,channel,sp_ratio,origin_latitude,origin_longitude,origin_depth_km
nc73515940,CI,MLAC,,HN,0.717825293540955,37.5014,-118.8654,7.735
nc73515940,NC,MCB,,HN,0.770219445228577,37.5014,-118.8654,7.735
nc73515940,NC,MDPB,,HN,0.45828115940094,37.5014,-118.8654,7.735
nc73515940,NC,MEM,,HN,0.489961206912994,37.5014,-118.8654,7.735
nc73515940,NC,MINS,,HN,0.57669872045517,37.5014,-118.8654,7.735
nc73515940,NC,MMLB,,HN,0.844616770744324,37.5014,-118.8654,7.735
nc73515940,NC,MQ1P,,HN,0.678818702697754,37.5014,-118.8654,7.735
nc73515940,NP,1576,10,HN,0.143808349967003,37.5014,-118.8654,7.735
nc73515940,NP,1589,10,HN,0.531226634979248,37.5014,-118.8654,7.735
nc73515940,NP,1679,10,HN,0.169842094182968,37.5014,-118.8654,7.735
nc73515985,CI,MLAC,,HN,0.713060438632965,37.5017,-118.8658,7.804
nc73515985,NC,MCB,,HN,0.792090177536011,37.5017,-118.8658,7.804
nc73515985,NC,MDH,,HN,0.649497509002686,37.5017,-118.8658,7.804
nc73515985,NC,MDPB,,HN,0.505548655986786,37.5017,-118.8658,7.804
nc73515985,NC,MDY,,HN,0.897720992565155,37.5017,-118.8658,7.804
nc73515985,NC,MEM,,HN,0.252154588699341,37.5017,-118.8658,7.804
nc73515985,NC,MINS,,HN,0.534939646720886,37.5017,-118.8658,7.804
nc73515985,NC,MMLB,,HN,0.719688653945923,37.5017,-118.8658,7.804
nc73515985,NC,MQ1P,,HN,0.572769820690155,37.5017,-118.8658,7.804
nc73515985,NP,1576,10,HN,0.0179256703704596,37.5017,-118.8658,7.804
nc73515985,NP,1679,10,HN,0.206163883209229,37.5017,-118.8658,7.804
nc73560520,BK,OVRO,00,HN,0.817081212997437,37.4734,-118.8422,8.534
nc73560520,CI,MLAC,,HN,0.789442360401154,37.4734,-118.8422,8.534
nc73560520,NC,MCB,,HN,0.7712482213974,37.4734,-118.8422,8.534
nc73560520,NC,MCY,,HN,0.799002528190613,37.4734,-118.8422,8.534
nc73560520,NC,MDH,,HN,0.639056503772736,37.4734,-118.8422,8.534
nc73560520,NC,MDPB,,HN,1.19577264785767,37.4734,-118.8422,8.534
nc73560520,NC,MDY,,HN,0.829156219959259,37.4734,-118.8422,8.534
nc73560520,NC,MEM,,HN,0.33678925037384,37.4734,-118.8422,8.534
nc73560520,NC,MINS,,HN,0.698517620563507,37.4734,-118.8422,8.534
nc73560520,NC,MMLB,,HN,0.801468789577484,37.4734,-118.8422,8.534
nc73560520,NC,MQ1P,,HN,0.816820621490479,37.4734,-118.8422,8.534
nc73560520,NP,1576,10,HN,0.072857104241848,37.4734,-118.8422,8.534
nc73605886,CI,MLAC,,HN,0.721423029899597,37.5487,-118.8563,9.343
nc73605886,NC,MCY,,HN,0.504602491855621,37.5487,-118.8563,9.343
nc73605886,NC,MDH,,HN,0.806273281574249,37.5487,-118.8563,9.343
nc73605886,NC,MDPB,,HN,0.401430815458298,37.5487,-118.8563,9.343
nc73605886,NC,MDY,,HN,0.618263900279999,37.5487,-118.8563,9.343
nc73605886,NC,MEM,,HN,0.0297920741140842,37.5487,-118.8563,9.343
nc73605886,NC,MINS,,HN,0.705055058002472,37.5487,-118.8563,9.343
nc73605886,NC,MLI,,HN,0.560394823551178,37.5487,-118.8563,9.343
nc73605886,NC,MMLB,,HN,0.468294650316238,37.5487,-118.8563,9.343
nc73605886,NP,1576,10,HN,0.205592885613441,37.5487,-118.8563,9.343
nc73503625,BK,OVRO,00,HN,1.06039798259735,37.5174,-118.8726,8.001
nc73503625,CI,MLAC,,HN,0.455892205238342,37.5174,-118.8726,8.001
nc73503625,NC,MCB,,HN,0.294526070356369,37.5174,-118.8726,8.001
nc73503625,NC,MCY,,HN,0.228145360946655,37.5174,-118.8726,8.001
nc73503625,NC,MDH,,HN,0.147820040583611,37.5174,-118.8726,8.001
nc73503625,NC,MDPB,,HN,0.0446935705840588,37.5174,-118.8726,8.001
nc73503625,NC,MDY,,HN,0.241757452487946,37.5174,-118.8726,8.001
nc73503625,NC,MEM,,HN,0.00943258870393038,37.5174,-118.8726,8.001
nc73503625,NC,MINS,,HN,0.56702709197998,37.5174,-118.8726,8.001
nc73503625,NC,MLI,,HN,0.347834706306458,37.5174,-118.8726,8.001
nc73503625,NC,MMLB,,HN,0.193262055516243,37.5174,-118.8726,8.001
nc73503625,NC,MQ1P,,HN,0.0960683450102806,37.5174,-118.8726,8.001
nc73503625,NP,1576,10,HN,-0.218413278460503,37.5174,-118.8726,8.001
nc73503625,NP,1587,10,HN,0.563039302825928,37.5174,-118.8726,8.001
nc73503625,NP,1589,10,HN,0.775146007537842,37.5174,-118.8726,8.001
nc73522626,CI,MLAC,,HN,0.993333458900452,37.545,-118.8239,10.219
nc73522626,NC,MCB,,HN,0.0998208373785019,37.545,-118.8239,10.219
nc73522626,NC,MCY,,HN,0.396320223808289,37.545,-118.8239,10.219
nc73522626,NC,MDH,,HN,0.35229229927063,37.545,-118.8239,10.219
nc73522626,NC,MDPB,,HN,-0.134879752993584,37.545,-118.8239,10.219
nc73522626,NC,MDY,,HN,0.355843722820282,37.545,-118.8239,10.219
nc73522626,NC,MEM,,HN,0.0330015309154987,37.545,-118.8239,10.219
nc73522626,NC,MINS,,HN,0.287132382392883,37.545,-118.8239,10.219
nc73522626,NC,MLI,,HN,0.474347531795502,37.545,-118.8239,10.219
nc73522626,NC,MMLB,,HN,0.166586995124817,37.545,-118.8239,10.219
nc73522626,NC,MQ1P,,HN,0.428643882274628,37.545,-118.8239,10.219
nc73522626,NP,1576,10,HN,0.193116828799248,37.545,-118.8239,10.219
nc73501535,BK,OVRO,00,HN,0.771794140338898,37.5102,-118.9414,10.722
nc73501535,CI,MLAC,,HN,0.910649180412292,37.5102,-118.9414,10.722
nc73501535,NC,MCB,,HN,0.195264756679535,37.5102,-118.9414,10.722
nc73501535,NC,MCY,,HN,0.705891251564026,37.5102,-118.9414,10.722
nc73501535,NC,MDH,,HN,0.216728404164314,37.5102,-118.9414,10.722
nc73501535,NC,MDPB,,HN,0.991059005260468,37.5102,-118.9414,10.722
nc73501535,NC,MDY,,HN,0.524434149265289,37.5102,-118.9414,10.722
nc73501535,NC,MEM,,HN,0.00261451816186309,37.5102,-118.9414,10.722
nc73501535,NC,MINS,,HN,0.626497626304626,37.5102,-118.9414,10.722
nc73501535,NC,MLI,,HN,0.556509137153625,37.5102,-118.9414,10.722
nc73501535,NC,MMLB,,HN,0.245461523532867,37.5102,-118.9414,10.722
nc73501535,NC,MQ1P,,HN,0.299247145652771,37.5102,-118.9414,10.722
nc73501535,NP,1576,10,HN,0.199132934212685,37.5102,-118.9414,10.722
nc73501535,NP,1589,10,HN,0.330931633710861,37.5102,-118.9414,10.722
nc73501535,NP,1679,10,HN,0.262655168771744,37.5102,-118.9414,10.722
nc73523661,CI,MLAC,,HN,0.676799833774567,37.5066,-118.8272,7.423
nc73523661,NC,MCB,,HN,0.073606826364994,37.5066,-118.8272,7.423
nc73523661,NC,MCY,,HN,0.372520744800568,37.5066,-118.8272,7.423
nc73523661,NC,MDH,,HN,-0.153815016150475,37.5066,-118.8272,7.423
nc73523661,NC,MDPB,,HN,0.198923081159592,37.5066,-118.8272,7.423
nc73523661,NC,MDY,,HN,0.367562800645828,37.5066,-118.8272,7.423
nc73523661,NC,MEM,,HN,-0.00591171626001596,37.5066,-118.8272,7.423
nc73523661,NC,MINS,,HN,0.551835298538208,37.5066,-118.8272,7.423
nc73523661,NC,MMLB,,HN,0.212643682956696,37.5066,-118.8272,7.423
nc73523661,NC,MQ1P,,HN,0.57427316904068,37.5066,-118.8272,7.423
nc73523661,NP,1576,10,HN,-0.158926084637642,37.5066,-118.8272,7.423
nc73523661,NP,1679,10,HN,0.282405942678452,37.5066,-118.8272,7.423
nc73538550,CI,MLAC,,HN,0.616495788097382,37.5423,-118.8254,7.672
nc73538550,NC,MCB,,HN,0.129001662135124,37.5423,-118.8254,7.672
nc73538550,NC,MDH,,HN,0.356798738241196,37.5423,-118.8254,7.672
nc73538550,NC,MDPB,,HN,0.242958635091782,37.5423,-118.8254,7.672
nc73538550,NC,MDY,,HN,0.663826584815979,37.5423,-118.8254,7.672
nc73538550,NC,MEM,,HN,0.0204998701810837,37.5423,-118.8254,7.672
nc73538550,NC,MINS,,HN,0.597511529922485,37.5423,-118.8254,7.672
nc73538550,NC,MMLB,,HN,0.246172919869423,37.5423,-118.8254,7.672
nc73538550,NC,MQ1P,,HN,0.451721608638763,37.5423,-118.8254,7.672
nc73538550,NP,1576,10,HN,-0.162503033876419,37.5423,-118.8254,7.672
nc73558485,CI,MLAC,,HN,0.430345624685287,37.5454,-118.8237,5.896
nc73558485,NC,MCB,,HN,0.0191422831267118,37.5454,-118.8237,5.896
nc73558485,NC,MCY,,HN,0.96767669916153,37.5454,-118.8237,5.896
nc73558485,NC,MDH,,HN,0.248047664761543,37.5454,-118.8237,5.896
nc73558485,NC,MDPB,,HN,0.290717631578445,37.5454,-118.8237,5.896
nc73558485,NC,MDY,,HN,0.833626210689545,37.5454,-118.8237,5.896
nc73558485,NC,MEM,,HN,0.0408547818660736,37.5454,-118.8237,5.896
nc73558485,NC,MINS,,HN,0.792112767696381,37.5454,-118.8237,5.896
nc73558485,NC,MLI,,HN,1.0324033498764,37.5454,-118.8237,5.896
nc73558485,NC,MMLB,,HN,0.339387267827988,37.5454,-118.8237,5.896
nc73558485,NC,MQ1P,,HN,0.633242547512054,37.5454,-118.8237,5.896
nc73558485,NP,1576,10,HN,-0.0993831902742386,37.5454,-118.8237,5.896
nc73568736,CI,MLAC,,HN,0.392587780952454,37.5206,-118.8233,7.28
nc73568736,NC,MCB,,HN,0.0396991409361362,37.5206,-118.8233,7.28
nc73568736,NC,MCY,,HN,0.601611256599426,37.5206,-118.8233,7.28
nc73568736,NC,MDH,,HN,0.257640421390533,37.5206,-118.8233,7.28
nc73568736,NC,MDPB,,HN,0.523345291614532,37.5206,-118.8233,7.28
nc73568736,NC,MDY,,HN,0.755667626857758,37.5206,-118.8233,7.28
nc73568736,NC,MEM,,HN,0.0323433689773083,37.5206,-118.8233,7.28
nc73568736,NC,MINS,,HN,0.662444472312927,37.5206,-118.8233,7.28
nc73568736,NC,MMLB,,HN,0.411201745271683,37.5206,-118.8233,7.28
nc73568736,NC,MQ1P,,HN,0.505316734313965,37.5206,-118.8233,7.28
nc73568736,NP,1576,10,HN,-0.119712978601456,37.5206,-118.8233,7.28
nc73568736,NP,1679,10,HN,0.416992872953415,37.5206,-118.8233,7.28
nc73567966,BK,OVRO,00,HN,1.05914282798767,37.5193,-118.8236,7.126
nc73567966,CE,55157,10,HN,0.301370352506638,37.5193,-118.8236,7.126
nc73567966,CI,MLAC,,HN,0.638435423374176,37.5193,-118.8236,7.126
nc73567966,NC,MCB,,HN,0.0062868632376194,37.5193,-118.8236,7.126
nc73567966,NC,MCY,,HN,0.70387202501297,37.5193,-118.8236,7.126
nc73567966,NC,MDH,,HN,0.0517097860574722,37.5193,-118.8236,7.126
nc73567966,NC,MDPB,,HN,0.59330016374588,37.5193,-118.8236,7.126
nc73567966,NC,MDY,,HN,0.702774822711945,37.5193,-118.8236,7.126
nc73567966,NC,MEM,,HN,0.00544152967631817,37.5193,-118.8236,7.126
nc73567966,NC,MINS,,HN,0.773414671421051,37.5193,-118.8236,7.126
nc73567966,NC,MLI,,HN,0.551242828369141,37.5193,-118.8236,7.126
nc73567966,NC,MMLB,,HN,0.360523164272308,37.5193,-118.8236,7.126
nc73567966,NC,MQ1P,,HN,0.67726993560791,37.5193,-118.8236,7.126
nc73567966,NP,1576,10,HN,-0.0521507076919079,37.5193,-118.8236,7.126
nc73567966,NP,1587,10,HN,0.508718252182007,37.5193,-118.8236,7.126
nc73567966,NP,1589,10,HN,1.03013789653778,37.5193,-118.8236,7.126
nc73567966,NP,1679,10,HN,0.629259884357452,37.5193,-118.8236,7.126
nc73567966,NP,2021,10,HN,0.71270364522934,37.5193,-118.8236,7.126
nc73570296,BK,OVRO,00,HN,0.847731471061707,37.5381,-118.8284,6.293
nc73570296,CI,MLAC,,HN,0.392131805419922,37.5381,-118.8284,6.293
nc73570296,NC,MCB,,HN,0.031712219119072,37.5381,-118.8284,6.293
nc73570296,NC,MCY,,HN,0.830936670303345,37.5381,-118.8284,6.293
nc73570296,NC,MDH,,HN,0.156757578253746,37.5381,-118.8284,6.293
nc73570296,NC,MDPB,,HN,0.387207269668579,37.5381,-118.8284,6.293
nc73570296,NC,MDY,,HN,0.698265969753265,37.5381,-118.8284,6.293
nc73570296,NC,MEM,,HN,0.0176731329411268,37.5381,-118.8284,6.293
nc73570296,NC,MINS,,HN,0.751654922962189,37.5381,-118.8284,6.293
nc73570296,NC,MLI,,HN,0.81669282913208,37.5381,-118.8284,6.293
nc73570296,NC,MMLB,,HN,0.28600749373436,37.5381,-118.8284,6.293
nc73570296,NP,1576,10,HN,0.0154032856225967,37.5381,-118.8284,6.293
nc73497300,BK,OVRO,00,HN,0.681258797645569,37.4712,-118.8452,8.635
nc73497300,CI,MLAC,,HN,0.65967184305191,37.4712,-118.8452,8.635
nc73497300,NC,MCB,,HN,0.0490999966859818,37.4712,-118.8452,8.635
nc73497300,NC,MCY,,HN,0.113864958286285,37.4712,-118.8452,8.635
nc73497300,NC,MDH,,HN,-0.0829216688871384,37.4712,-118.8452,8.635
nc73497300,NC,MDPB,,HN,0.517635405063629,37.4712,-118.8452,8.635
nc73497300,NC,MDY,,HN,0.170400783419609,37.4712,-118.8452,8.635
nc73497300,NC,MEM,,HN,0.0119633991271257,37.4712,-118.8452,8.635
nc73497300,NC,MINS,,HN,0.351742446422577,37.4712,-118.8452,8.635
nc73497300,NC,MLI,,HN,0.361745923757553,37.4712,-118.8452,8.635
nc73497300,NC,MMLB,,HN,0.0637499615550041,37.4712,-118.8452,8.635
nc73497300,NP,1576,10,HN,-0.241850852966309,37.4712,-118.8452,8.635
nc73497300,NP,1587,10,HN,0.418348908424377,37.4712,-118.8452,8.635
nc73497300,NP,1589,10,HN,0.509790480136871,37.4712,-118.8452,8.635
nc73552920,BK,OVRO,00,HN,0.861947774887085,37.5464,-118.7775,10.899
nc73552920,CE,55157,10,HN,0.31268110871315,37.5464,-118.7775,10.899
nc73552920,CI,MLAC,,HN,0.752933144569397,37.5464,-118.7775,10.899
nc73552920,NC,MCB,,HN,0.446966767311096,37.5464,-118.7775,10.899
nc73552920,NC,MCY,,HN,1.23307108879089,37.5464,-118.7775,10.899
nc73552920,NC,MDH,,HN,0.368474721908569,37.5464,-118.7775,10.899
nc73552920,NC,MDPB,,HN,0.698023617267609,37.5464,-118.7775,10.899
nc73552920,NC,MDY,,HN,1.08437442779541,37.5464,-118.7775,10.899
nc73552920,NC,MEM,,HN,0.0109049938619137,37.5464,-118.7775,10.899
nc73552920,NC,MINS,,HN,0.96843683719635,37.5464,-118.7775,10.899
nc73552920,NC,MLI,,HN,1.40638995170593,37.5464,-118.7775,10.899
nc73552920,NC,MMLB,,HN,0.981973111629486,37.5464,-118.7775,10.899
nc73552920,NC,MQ1P,,HN,0.86322546005249,37.5464,-118.7775,10.899
nc73552920,NP,1576,10,HN,0.280075222253799,37.5464,-118.7775,10.899
nc73552920,NP,1587,10,HN,0.301659971475601,37.5464,-118.7775,10.899
nc73552920,NP,1589,10,HN,1.01689696311951,37.5464,-118.7775,10.899
nc73552920,NP,1679,10,HN,0.624415814876556,37.5464,-118.7775,10.899
nc73552920,NP,2021,10,HN,0.529040634632111,37.5464,-118.7775,10.899
nc73562810,BK,OVRO,00,HN,0.724781155586243,37.5445,-118.7777,10.659
nc73562810,CI,MLAC,,HN,0.764660000801086,37.5445,-118.7777,10.659
nc73562810,NC,MCB,,HN,0.460440456867218,37.5445,-118.7777,10.659
nc73562810,NC,MDH,,HN,0.535412490367889,37.5445,-118.7777,10.659
nc73562810,NC,MDPB,,HN,0.633103907108307,37.5445,-118.7777,10.659
nc73562810,NC,MDY,,HN,1.14281690120697,37.5445,-118.7777,10.659
nc73562810,NC,MEM,,HN,0.0481376983225346,37.5445,-118.7777,10.659
nc73562810,NC,MINS,,HN,0.853289365768433,37.5445,-118.7777,10.659
nc73562810,NC,MMLB,,HN,0.973293483257294,37.5445,-118.7777,10.659
nc73562810,NC,MQ1P,,HN,0.65175998210907,37.5445,-118.7777,10.659
nc73562810,NP,1576,10,HN,0.310866147279739,37.5445,-118.7777,10.659
nc73562810,NP,1587,10,HN,0.202802792191505,37.5445,-118.7777,10.659
nc73598846,CI,MLAC,,HN,0.799620509147644,37.5448,-118.7784,10.683
nc73598846,NC,MCY,,HN,1.23191547393799,37.5448,-118.7784,10.683
nc73598846,NC,MDH,,HN,0.521578192710876,37.5448,-118.7784,10.683
nc73598846,NC,MDPB,,HN,0.545638263225555,37.5448,-118.7784,10.683
nc73598846,NC,MDY,,HN,1.06417739391327,37.5448,-118.7784,10.683
nc73598846,NC,MEM,,HN,0.0816157832741737,37.5448,-118.7784,10.683
nc73598846,NC,MINS,,HN,0.81766277551651,37.5448,-118.7784,10.683
nc73598846,NC,MMLB,,HN,0.776958465576172,37.5448,-118.7784,10.683
nc73598846,NP,1576,10,HN,0.25308758020401,37.5448,-118.7784,10.683
nc73551905,BK,OVRO,00,HN,0.828757584095001,37.5462,-118.7773,10.629
nc73551905,CI,MLAC,,HN,0.910796940326691,37.5462,-118.7773,10.629
nc73551905,NC,MCB,,HN,0.765169978141785,37.5462,-118.7773,10.629
nc73551905,NC,MCY,,HN,1.31898665428162,37.5462,-118.7773,10.629
nc73551905,NC,MDH,,HN,0.586803138256073,37.5462,-118.7773,10.629
nc73551905,NC,MDPB,,HN,0.882798314094543,37.5462,-118.7773,10.629
nc73551905,NC,MDY,,HN,1.2772136926651,37.5462,-118.7773,10.629
nc73551905,NC,MEM,,HN,0.0141277322545648,37.5462,-118.7773,10.629
nc73551905,NC,MINS,,HN,1.08975970745087,37.5462,-118.7773,10.629
nc73551905,NC,MLI,,HN,1.52080893516541,37.5462,-118.7773,10.629
nc73551905,NC,MQ1P,,HN,0.905959188938141,37.5462,-118.7773,10.629
nc73551905,NP,1576,10,HN,0.476290553808212,37.5462,-118.7773,10.629
nc73551905,NP,1587,10,HN,0.366709172725677,37.5462,-118.7773,10.629
nc73551905,NP,1589,10,HN,0.771159827709198,37.5462,-118.7773,10.629
nc73551905,NP,1679,10,HN,0.662398755550385,37.5462,-118.7773,10.629
nc73551905,NP,2021,10,HN,0.618255734443665,37.5462,-118.7773,10.629
nc73539650,CI,MLAC,,HN,0.428704261779785,37.4554,-118.8459,13.229
nc73539650,NC,MCB,,HN,-0.0446442514657974,37.4554,-118.8459,13.229
nc73539650,NC,MCY,,HN,0.295696377754211,37.4554,-118.8459,13.229
nc73539650,NC,MDH,,HN,-0.37835830450058,37.4554,-118.8459,13.229
nc73539650,NC,MDY,,HN,0.194732144474983,37.4554,-118.8459,13.229
nc73539650,NC,MEM,,HN,-0.0415632091462612,37.4554,-118.8459,13.229
nc73539650,NC,MINS,,HN,0.424773454666138,37.4554,-118.8459,13.229
nc73539650,NC,MLI,,HN,0.212639883160591,37.4554,-118.8459,13.229
nc73539650,NC,MMLB,,HN,0.0607126876711845,37.4554,-118.8459,13.229
nc73539650,NP,1576,10,HN,0.52895724773407,37.4554,-118.8459,13.229
nc73581381,BK,OVRO,00,HN,0.911060929298401,37.4903,-118.8075,10.717
nc73581381,CI,MLAC,,HN,0.189975246787071,37.4903,-118.8075,10.717
nc73581381,NC,MCB,,HN,-0.0516052208840847,37.4903,-118.8075,10.717
nc73581381,NC,MCY,,HN,0.673343896865845,37.4903,-118.8075,10.717
nc73581381,NC,MDH,,HN,-0.0165566746145487,37.4903,-118.8075,10.717
nc73581381,NC,MDPB,,HN,0.459718286991119,37.4903,-118.8075,10.717
nc73581381,NC,MDY,,HN,0.52891993522644,37.4903,-118.8075,10.717
nc73581381,NC,MEM,,HN,0.0628406703472137,37.4903,-118.8075,10.717
nc73581381,NC,MINS,,HN,0.636964321136475,37.4903,-118.8075,10.717
nc73581381,NC,MLI,,HN,0.570262372493744,37.4903,-118.8075,10.717
nc73581381,NC,MMLB,,HN,0.407347559928894,37.4903,-118.8075,10.717
nc73581381,NC,MQ1P,,HN,0.525335431098938,37.4903,-118.8075,10.717
nc73581381,NP,1576,10,HN,0.356468498706818,37.4903,-118.8075,10.717
nc73539660,BK,OVRO,00,HN,0.921486377716064,37.4556,-118.846,13.201
nc73539660,CI,MLAC,,HN,0.565638303756714,37.4556,-118.846,13.201
nc73539660,NC,MCB,,HN,0.0234510414302349,37.4556,-118.846,13.201
nc73539660,NC,MCY,,HN,0.289983004331589,37.4556,-118.846,13.201
nc73539660,NC,MDH,,HN,-0.34468886256218,37.4556,-118.846,13.201
nc73539660,NC,MDY,,HN,0.209607183933258,37.4556,-118.846,13.201
nc73539660,NC,MEM,,HN,-0.00272859958931804,37.4556,-118.846,13.201
nc73539660,NC,MINS,,HN,0.446082800626755,37.4556,-118.846,13.201
nc73539660,NC,MMLB,,HN,0.113432846963406,37.4556,-118.846,13.201
nc73539660,NC,MQ1P,,HN,0.457274556159973,37.4556,-118.846,13.201
nc73539660,NP,1576,10,HN,0.466871738433838,37.4556,-118.846,13.201
nc73539660,NP,1587,10,HN,-0.134256854653358,37.4556,-118.846,13.201
nc73539660,NP,1589,10,HN,0.451204627752304,37.4556,-118.846,13.201
nc73572586,CI,MLAC,,HN,0.226258739829063,37.5095,-118.8552,12.418
nc73572586,NC,MCB,,HN,0.0452322103083134,37.5095,-118.8552,12.418
nc73572586,NC,MCY,,HN,1.03345715999603,37.5095,-118.8552,12.418
nc73572586,NC,MDH,,HN,0.0171261057257652,37.5095,-118.8552,12.418
nc73572586,NC,MDPB,,HN,0.94877678155899,37.5095,-118.8552,12.418
nc73572586,NC,MDY,,HN,0.765927314758301,37.5095,-118.8552,12.418
nc73572586,NC,MEM,,HN,0.00443699536845088,37.5095,-118.8552,12.418
nc73572586,NC,MINS,,HN,1.19236969947815,37.5095,-118.8552,12.418
nc73572586,NC,MLI,,HN,0.818081974983215,37.5095,-118.8552,12.418
nc73572586,NC,MMLB,,HN,0.657212555408478,37.5095,-118.8552,12.418
nc73572586,NP,1576,10,HN,0.336996853351593,37.5095,-118.8552,12.418
nc73485386,BK,OVRO,00,HN,0.736725986003876,37.4781,-118.8141,5.88
nc73485386,CI,MLAC,,HN,0.519254982471466,37.4781,-118.8141,5.88
nc73485386,NC,MCB,,HN,0.106893673539162,37.4781,-118.8141,5.88
nc73485386,NC,MCY,,HN,0.624947726726532,37.4781,-118.8141,5.88
nc73485386,NC,MDPB,,HN,0.328345209360123,37.4781,-118.8141,5.88
nc73485386,NC,MDY,,HN,0.254203826189041,37.4781,-118.8141,5.88
nc73485386,NC,MEM,,HN,-0.0155603177845478,37.4781,-118.8141,5.88
nc73485386,NC,MINS,,HN,0.493916392326355,37.4781,-118.8141,5.88
nc73485386,NC,MLI,,HN,0.439297497272491,37.4781,-118.8141,5.88
nc73485386,NC,MMLB,,HN,0.283179044723511,37.4781,-118.8141,5.88
nc73485386,NC,MQ1P,,HN,0.498799920082092,37.4781,-118.8141,5.88
nc73485386,NP,1576,10,HN,0.559706211090088,37.4781,-118.8141,5.88
nc73619436,CI,MLAC,,HN,0.22526653110981,37.4845,-118.838,7.301
nc73619436,NC,MDH,,HN,0.00897291395813227,37.4845,-118.838,7.301
nc73619436,NC,MDPB,,HN,0.437327116727829,37.4845,-118.838,7.301
nc73619436,NC,MDY,,HN,0.825027465820312,37.4845,-118.838,7.301
nc73619436,NC,MEM,,HN,0.024602934718132,37.4845,-118.838,7.301
nc73619436,NC,MINS,,HN,0.893806934356689,37.4845,-118.838,7.301
nc73619436,NC,MMLB,,HN,0.70295387506485,37.4845,-118.838,7.301
nc73619436,NC,MQ1P,,HN,0.670304834842682,37.4845,-118.838,7.301
nc73619436,NP,1576,10,HN,-0.0095720961689949,37.4845,-118.838,7.301
nc73619436,NP,1587,10,HN,0.251741051673889,37.4845,-118.838,7.301
nc73619436,NP,1589,10,HN,0.476898521184921,37.4845,-118.838,7.301
